"sampletype","week","stress"
"feces","Week 1",0.00179082216890021
"feces","Week 2",0.111962058076194
"feces","Week 3",0.0605745564520155
"feces","Week 4",0.184814094311662
"cecum","Week 1",0.0967722277271054
"cecum","Week 2",0.0580881054526019
"cecum","Week 3",0.0674718825428511
"cecum","Week 4",0.174561666025114
"ileum","Week 1",0.0482921550246578
"ileum","Week 2",0.173507047266326
"ileum","Week 3",0.0871574400233865
"ileum","Week 4",0.0969155277469497
